<?xml version="1.0" encoding="UTF-8" standalone="yes"?>
<addon id="repository.ardavetv" name="Ardave TV" version="1.2.3" provider-name="Moshii">
    <extension point="xbmc.addon.repository" name="ArdaveTV Kodi Repo">
        <dir minversion="18.0.0" maxversion="18.9.9">
            <info compressed="false">https://raw.githubusercontent.com/omoobatv/ardavetv/master/leia/zips/addons.xml</info>
            <checksum>https://raw.githubusercontent.com/omoobatv/ardavetv/master/leia/zips/addons.xml.md5</checksum>
            <datadir zip="true">https://raw.githubusercontent.com/omoobatv/ardavetv/master/leia/zips/</datadir>
        </dir>
        <dir minversion="19.0.0" maxversion="19.9.9">
            <info compressed="false">https://raw.githubusercontent.com/omoobatv/ardavetv/master/matrix/zips/addons.xml</info>
            <checksum>https://raw.githubusercontent.com/omoobatv/ardavetv/master/matrix/zips/addons.xml.md5</checksum>
            <datadir zip="true">https://raw.githubusercontent.com/omoobatv/ardavetv/master/matrix/zips/</datadir>
        </dir>
        <dir minversion="20.0.0" maxversion="20.9.9">
            <info compressed="false">https://raw.githubusercontent.com/omoobatv/ardavetv/master/nexus/zips/addons.xml</info>
            <checksum>https://raw.githubusercontent.com/omoobatv/ardavetv/master/nexus/zips/addons.xml.md5</checksum>
            <datadir zip="true">https://raw.githubusercontent.com/omoobatv/ardavetv/master/nexus/zips/</datadir>
        </dir>
        <dir minversion="20.90.0">
            <info compressed="false">https://raw.githubusercontent.com/omoobatv/ardavetv/master/omega/zips/addons.xml</info>
            <checksum>https://raw.githubusercontent.com/omoobatv/ardavetv/master/omega/zips/addons.xml.md5</checksum>
            <datadir zip="true">https://raw.githubusercontent.com/omoobatv/ardavetv/master/omega/zips/</datadir>
        </dir>
        <dir minversion="20.0.0">
            <info compressed="false">https://raw.githubusercontent.com/pannal/dontpanickodi/master/nexus/zips/addons.xml</info>
            <checksum>https://raw.githubusercontent.com/pannal/dontpanickodi/master/nexus/zips/addons.xml.md5</checksum>
            <datadir zip="true">https://raw.githubusercontent.com/pannal/dontpanickodi/master/nexus/zips/</datadir>
        </dir>
        <dir minversion="20.0.0">
	          <info compressed="false">https://raw.githubusercontent.com/Gujal00/smrzips/master/addons.xml</info>
	          <checksum>https://raw.githubusercontent.com/Gujal00/smrzips/master/addons.xml.md5</checksum>
	          <datadir zip="true">https://raw.githubusercontent.com/Gujal00/smrzips/master/zips/</datadir>
        </dir>
        <dir minversion="20.0.0">
            <info compressed="false">https://raw.githubusercontent.com/Tikipeter/repository.tikipeter/master/zips/addons.xml</info>
            <checksum>https://raw.githubusercontent.com/Tikipeter/repository.tikipeter/master/zips/addons.xml.md5</checksum>
            <datadir zip="true">https://raw.githubusercontent.com/Tikipeter/repository.tikipeter/master/zips</datadir>
        </dir>
        <dir minversion="20.0.0">
            <info compressed="false">https://raw.githubusercontent.com/CocoJoe2411/repository.cocoscrapers/master/zips/addons.xml</info>
            <checksum>https://raw.githubusercontent.com/CocoJoe2411/repository.cocoscrapers/master/zips/addons.xml.md5</checksum>
            <datadir zip="true">https://raw.githubusercontent.com/CocoJoe2411/repository.cocoscrapers/master/zips/</datadir>
        </dir>
       <dir minversion="20.0.0">
			    <info compressed="false">http://narcacist.com/_repo/addons.xml</info>
			    <checksum>http://narcacist.com/_repo/addons.xml.md5</checksum>
			    <datadir zip="true">http://narcacist.com/_repo/</datadir>
		   </dir>
       <dir minversion="20.0.0">
         <info compressed="false">https://magnetic.website/__zips/addons.xml</info>
         <checksum>https://magnetic.website/__zips/addons.xml.md5</checksum>
         <datadir zip="true">https://magnetic.website/__zips/</datadir>
         <hashes>false</hashes>
      </dir>
      <dir minversion="20.0.0">
            <info compressed="false">https://raw.githubusercontent.com/CocoJoe2411/repository.cocoscrapers/master/zips/addons.xml</info>
            <checksum>https://raw.githubusercontent.com/CocoJoe2411/repository.cocoscrapers/master/zips/addons.xml.md5</checksum>
            <datadir zip="true">https://raw.githubusercontent.com/CocoJoe2411/repository.cocoscrapers/master/zips/</datadir>
        </dir>
    </extension>
    <extension point="xbmc.addon.metadata">
        <summary>ArdaveTV</summary>
        <description>Anything Kodi</description>
        <disclaimer></disclaimer>
        <platform>all</platform>
        <assets>
            <icon>icon.png</icon>
            <fanart>fanart.jpg</fanart>
        </assets>
    </extension>
</addon>
