<?xml version="1.0" encoding="UTF-8"?>
<window>
	<animation effect="fade" time="75">WindowOpen</animation>
	<animation effect="fade" time="150">WindowClose</animation>
	<coordinates>
		<left>0</left>
		<top>0</top>
	</coordinates>
	<controls>
		<control type="group">
			<visible>!Skin.HasSetting(HidePopUpSeekBar)</visible>
			<depth>DepthDialog+</depth>
			<left>1070</left>
			<top>640</top>
			<control type="image">
				<description>background image</description>
				<left>0</left>
				<top>0</top>
				<width>200</width>
				<height>70</height>
				<texture border="20">OverlayDialogBackground.png</texture>
			</control>
			<control type="image">
				<description>Busy animation</description>
				<left>20</left>
				<top>20</top>
				<width>32</width>
				<height>32</height>
				<texture>busy.png</texture>
				<aspectratio>keep</aspectratio>
				<animation effect="rotate" start="0" end="360" center="36,36" time="900" loop="true" condition="true">conditional</animation>
				<visible>!Skin.HasSetting(HideBusyAnimation)</visible>
			</control>
			<control type="label">
				<description>Busy label</description>
				<left>60</left>
				<top>20</top>
				<width>120</width>
				<height>32</height>
				<align>left</align>
				<aligny>center</aligny>
				<label>$LOCALIZE[31004]</label>
                <shadowcolor>black</shadowcolor>
				<font>font12</font>
                </control>
			<control type="progress" id="10">
				<description>Progressbar</description>
				<left>20</left>
				<top>53</top>
				<width>160</width>
				<height>8</height>
			</control>
		</control>
		<control type="group">
			<left>165r</left>
			<top>5</top>
			<animation effect="slide" start="0,0" end="-345,0" time="200" condition="Window.IsVisible(volumebar)">conditional</animation>
			<visible>Skin.HasSetting(HidePopUpSeekBar)</visible>
			<control type="image">
				<description>Busy animation</description>
				<left>128</left>
				<top>0</top>
				<width>32</width>
				<height>32</height>
				<texture>busy.png</texture>
				<aspectratio>keep</aspectratio>
				<animation effect="rotate" start="0" end="360" center="144,16" time="1600" loop="true" condition="true">conditional</animation>
				<visible>!Skin.HasSetting(HideBusyAnimation)</visible>
			</control>
			<control type="label">
				<description>Busy label</description>
				<right>42</right>
				<top>4</top>
				<width>126</width>
				<height>20</height>
				<align>right</align>
				<aligny>center</aligny>
				<label>Loading...</label>
        <shadowcolor>black</shadowcolor>
				<font>font12</font>
				<animation effect="slide" start="0,0" end="32,0" time="100" reversible="false" condition="Skin.HasSetting(HideBusyAnimation)">Conditional</animation>
			</control>
			<control type="progress" id="10">
				<description>Progressbar</description>
				<left>0</left>
				<top>34</top>
				<width>160</width>
				<height>8</height>
			</control>
		</control>
	</controls>
</window>
