<?xml version="1.0" encoding="UTF-8" standalone="yes"?>
<addon id="repository.ardavetv" name="Ardave TV" version="1.2.2" provider-name="Moshii">
    <extension point="xbmc.addon.repository" name="Ardave TV Kodi Repo">
        <dir minversion="18.0.0" maxversion="18.9.9">
            <info compressed="false">https://raw.githubusercontent.com/omoobatv/ardavetv/master/leia/zips/addons.xml</info>
            <checksum>https://raw.githubusercontent.com/omoobatv/ardavetv/master/leia/zips/addons.xml.md5</checksum>
            <datadir zip="true">https://raw.githubusercontent.com/omoobatv/ardavetv/master/leia/zips/</datadir>
        </dir>
        <dir minversion="19.0.0" maxversion="19.9.9">
            <info compressed="false">https://raw.githubusercontent.com/omoobatv/ardavetv/master/matrix/zips/addons.xml</info>
            <checksum>https://raw.githubusercontent.com/omoobatv/ardavetv/master/matrix/zips/addons.xml.md5</checksum>
            <datadir zip="true">https://raw.githubusercontent.com/omoobatv/ardavetv/master/matrix/zips/</datadir>
        </dir>
        <dir minversion="20.0.0" maxversion="20.9.9">
            <info compressed="false">https://raw.githubusercontent.com/omoobatv/ardavetv/master/nexus/zips/addons.xml</info>
            <checksum>https://raw.githubusercontent.com/omoobatv/ardavetv/master/nexus/zips/addons.xml.md5</checksum>
            <datadir zip="true">https://raw.githubusercontent.com/omoobatv/ardavetv/master/nexus/zips/</datadir>
        </dir>
        <dir minversion="20.90.0">
            <info compressed="false">https://raw.githubusercontent.com/omoobatv/ardavetv/master/omega/zips/addons.xml</info>
            <checksum>https://raw.githubusercontent.com/omoobatv/ardavetv/master/omega/zips/addons.xml.md5</checksum>
            <datadir zip="true">https://raw.githubusercontent.com/omoobatv/ardavetv/master/omega/zips/</datadir>
        </dir>
    </extension>
    <extension point="xbmc.addon.metadata">
        <summary>Ardavetv</summary>
        <description>Anything Kodi</description>
        <disclaimer></disclaimer>
        <platform>all</platform>
        <assets>
            <icon>icon.png</icon>
            <fanart>fanart.jpg</fanart>
        </assets>
    </extension>
</addon>
