<addon id="plugin.video.venom" name="[COLOR red]Venom[/COLOR]" provider-name="Venom" version="6.5.6">
	<requires>
		<import addon="xbmc.python" version="3.0.0" />
		<import addon="context.venom" />
		<import addon="script.module.myaccounts" version="2.0.0" />
		<import addon="script.module.fenomscrapers" version="2.0.2" />
		<import addon="script.module.requests" />
		<import addon="script.module.beautifulsoup4" />
		<import addon="script.module.metahandler" optional="true" />
		<import addon="plugin.video.youtube" optional="true" />
	</requires>
	<extension point="xbmc.python.pluginsource" library="venom.py">
		<provides>video</provides>
	</extension>
	<extension point="xbmc.service" library="service.py" start="startup" />
	<extension point="xbmc.python.module" library="resources/lib/" />
	<extension point="xbmc.addon.metadata">
		<reuselanguageinvoker>true</reuselanguageinvoker>
		<summary lang="en">[B][COLOR red]Venom[/COLOR][/B] - We do not host any of the contents streamed</summary>
		<description lang="en">[B][COLOR red]Venom[/COLOR][/B][CR] This addon does not form part of the Kodi Media Centre. Please do not seek assistance with this addon from any of the Official Kodi Support Channels.[CR]The author does not host any of the content in this addon and takes no responsibility for content found</description>
		<platform>all</platform>
		<license>GNU GENERAL PUBLIC LICENSE. Version 3, 29 June 2007</license>
		<forum />
		<website>https://github.com/123Venom/plugin.video.venom</website>
		<source>https://github.com/123Venom/plugin.video.venom</source>
		<disclaimer lang="en">The author of this addon does not host any of the content which is found and have no affiliation with any of the content providers. This addon simply searches websites for content. Use at your own risk!</disclaimer>
		<assets>
			<icon>icon.png</icon>
			<fanart>fanart.jpg</fanart>
			<screenshot>resources/screenshots/screenshot001.jpg</screenshot>
			<screenshot>resources/screenshots/screenshot002.jpg</screenshot>
			<screenshot>resources/screenshots/screenshot003.jpg</screenshot>
		</assets>
		<news>
[B][COLOR red]Update - v6.5.6 - April 09, 2022[/COLOR][/B]
[COLOR yellow]--[/COLOR][I] Due to report of timeout error I've bumped the timeout value from 10 to 20 for fanarttv, tmdb, tvmaze, and trakt indexers.[/I]
[COLOR yellow]--[/COLOR][I] Trakt scrobble reset has been moved to "[B]onAVStarted()[/B]" callback method due to a bug in the Kodi player "[B]onPlayBackEnded()[/B]" method being issued after the next playlist item already began playback.[/I]
[COLOR yellow]--[/COLOR][I] Added the Source Select index number to the Resolve dialog. Now if a resolve failure occurs you'll know which item number the failure occurred on.[/I]
[COLOR yellow]--[/COLOR][I] Added a new setting to the "[B]Trakt"[/B] category called [B]"Browse Progress - load all remaining episodes of series"[/B].  Please see the help file below the new setting for a detailed explanation on it's functionality.[/I]
		</news>
	</extension>
</addon>