<?xml version="1.0" encoding="UTF-8"?>
<includes>
	<include name="View_55_WideList">
		<control type="group">
			<include>OpenClose_Right</include>
			<visible>Control.IsVisible(55)</visible>
			<include>Visible_Right</include>
			<control type="fixedlist" id="55">
				<left>500</left>
				<top>400</top>
				<bottom>list_y_offset</bottom>
				<right>0</right>
				<scrolltime tween="cubic" easing="out">500</scrolltime>
				<orientation>vertical</orientation>
				<pagecontrol>531</pagecontrol>
				<movement>5</movement>
				<focusposition>1</focusposition>
				<onleft>9000</onleft>
				<onright>531</onright>
				<onup>55</onup>
				<ondown>55</ondown>
				<viewtype label="$LOCALIZE[31107]">list</viewtype>
				<visible>Container.Content(artists) | Container.Content(albums) | Container.Content(songs) | Container.Content(addons) | Container.Content(actors) | Container.Content(directors) | Container.Content(files) | Container.Content(mixed) | Container.Content(musicvideos) | Container.Content(videos) | Container.Content() | Container.Content(episodes) | Container.Content(movies) | Container.Content(tvshows) | Container.Content(seasons) | Container.Content(unknown)</visible>
				<focusedlayout height="list_item_height" width="widelist_width" condition="Container.Content(artists) | Container.Content(albums) | Container.Content(actors) | Container.Content(directors) | Container.Content(files) | Container.Content(mixed) | Container.Content(videos) | Container.Content(musicvideos) | Container.Content(episodes) | Container.Content(movies) | Container.Content(tvshows) | Container.Content(seasons) | Container.Content(unknown)">
					<control type="image">
						<left>0</left>
						<right>0</right>
						<bottom>0</bottom>
						<!--<texture colordiffuse="button_focus">lists/focus.png</texture>-->
						<texture>menuselectlong.png</texture>
						<visible>Control.HasFocus(55)</visible>
					</control>
					<control type="label">
						<left>18</left>
						<top>0</top>
						<bottom>0</bottom>
						<width>80</width>
						<aligny>center</aligny>
						<label>$INFO[ListItem.Year]</label>
						<shadowcolor>text_shadow</shadowcolor>
						<visible>!Container.Content(tvshows) + !Container.Content(seasons) + !Container.Content(episodes) + !Container.Content(videos) + !Container.Content(musicvideos) + !Container.Content(movies)</visible>
					</control>
					<control type="image">
						<left>35</left>
						<centertop>50%</centertop>
						<width>32</width>
						<height>32</height>
						<texture>$VAR[ListWatchedIconVar]</texture>
						<visible>Container.Content(tvshows) | Container.Content(seasons) | Container.Content(episodes) | Container.Content(movies) | Container.Content(videos) | Container.Content(musicvideos) | String.IsEmpty(ListItem.Year)</visible>
					</control>
					<control type="label">
						<left>105</left>
						<top>0</top>
						<bottom>0</bottom>
						<right>100</right>
						<aligny>center</aligny>
						<scroll>true</scroll>
						<label>$INFO[ListItem.Label]</label>
						<shadowcolor>text_shadow</shadowcolor>
					</control>
					<control type="label">
						<left>40</left>
						<top>0</top>
						<bottom>0</bottom>
						<right>40</right>
						<align>right</align>
						<aligny>center</aligny>
						<label>$VAR[ListLabel2Var]</label>
						<shadowcolor>text_shadow</shadowcolor>
					</control>
				</focusedlayout>
				<itemlayout height="list_item_height" width="widelist_width" condition="Container.Content(artists) | Container.Content(albums) | Container.Content(actors) | Container.Content(directors) | Container.Content(files) | Container.Content(mixed) | Container.Content(videos) | Container.Content(musicvideos) | Container.Content(episodes) | Container.Content(movies) | Container.Content(tvshows) | Container.Content(seasons) | Container.Content(unknown)">
					<control type="label">
						<left>18</left>
						<top>0</top>
						<bottom>0</bottom>
						<width>80</width>
						<aligny>center</aligny>
						<label>$INFO[ListItem.Year]</label>
						<textcolor>button_focus</textcolor>
						<shadowcolor>text_shadow</shadowcolor>
						<visible>!Container.Content(tvshows) + !Container.Content(seasons) + !Container.Content(episodes) + !Container.Content(videos) + !Container.Content(musicvideos) + !Container.Content(movies)</visible>
					</control>
					<control type="image">
						<left>35</left>
						<centertop>50%</centertop>
						<width>32</width>
						<height>32</height>
						<texture colordiffuse="grey">$VAR[ListWatchedIconVar]</texture>
						<visible>Container.Content(tvshows) | Container.Content(seasons) | Container.Content(episodes) | Container.Content(movies) | Container.Content(videos) | Container.Content(musicvideos) | String.IsEmpty(ListItem.Year)</visible>
					</control>
					<control type="label">
						<left>105</left>
						<top>0</top>
						<bottom>0</bottom>
						<right>100</right>
						<aligny>center</aligny>
						<label>$INFO[ListItem.Label]</label>
						<shadowcolor>text_shadow</shadowcolor>
					</control>
					<control type="label">
						<left>40</left>
						<top>0</top>
						<bottom>0</bottom>
						<right>40</right>
						<align>right</align>
						<aligny>center</aligny>
						<label>$VAR[ListLabel2Var]</label>
						<shadowcolor>text_shadow</shadowcolor>
					</control>
					<control type="image">
						<left>35</left>
						<centertop>50%</centertop>
						<visible>String.IsEmpty(ListItem.Year) + String.IsEmpty(ListItem.AddonVersion)</visible>
						<width>32</width>
						<height>32</height>
						<texture colordiffuse="grey">$VAR[ListWatchedIconVar]</texture>
					</control>
				</itemlayout>
				<include condition="Window.IsActive(music)">SongsListLayout</include>
				<include>AddonsListLayout</include>
			</control>
		</control>
	</include>

	<include name="SongsListLayout">
		<focusedlayout height="80" width="widelist_width" condition="Container.Content(songs)">
			<control type="image">
				<left>0</left>
				<right>0</right>
				<height>80</height>
				<texture>menuselectlong.png</texture>
				<visible>Control.hasFocus(55)</visible>
			</control>
			<control type="label">
				<left>35</left>
				<height>80</height>
				<right>90</right>
				<aligny>center</aligny>
				<scroll>true</scroll>
				<label>$INFO[ListItem.Label]</label>
				<shadowcolor>text_shadow</shadowcolor>
			</control>
			<control type="label">
				<left>40</left>
				<height>80</height>
				<right>40</right>
				<align>right</align>
				<aligny>center</aligny>
				<label>$INFO[ListItem.Label2]</label>
				<shadowcolor>text_shadow</shadowcolor>
			</control>
		</focusedlayout>
		<itemlayout height="80" width="widelist_width" condition="Container.Content(songs)">
			<control type="label">
				<left>35</left>
				<height>80</height>
				<right>90</right>
				<aligny>center</aligny>
				<label>$INFO[ListItem.Label]</label>
				<shadowcolor>text_shadow</shadowcolor>
			</control>
			<control type="label">
				<left>40</left>
				<height>80</height>
				<right>40</right>
				<align>right</align>
				<aligny>center</aligny>
				<label>$INFO[ListItem.Label2]</label>
				<textcolor>grey</textcolor>
				<shadowcolor>text_shadow</shadowcolor>
			</control>
		</itemlayout>
	</include>

	<include name="AddonsListLayout">
		<focusedlayout height="80" width="widelist_width" condition="Container.Content(addons)">
			<control type="image">
				<left>0</left>
				<right>0</right>
				<height>80</height>
				<texture>menuselectlong.png</texture>
				<visible>Control.hasFocus(55)</visible>
			</control>
			<control type="image">
				<left>20</left>
				<top>25</top>
				<width>32</width>
				<height>32</height>
				<texture>$VAR[AddonsListIconVar]</texture>
			</control>
			<control type="label">
				<left>75</left>
				<height>80</height>
				<right>100</right>
				<aligny>center</aligny>
				<scroll>true</scroll>
				<label>$INFO[ListItem.Label]</label>
			</control>
			<control type="label">
				<left>40</left>
				<height>80</height>
				<right>40</right>
				<align>right</align>
				<aligny>center</aligny>
				<font>font27</font>
				<label>$VAR[AddonsLabel2Var]</label>
			</control>
		</focusedlayout>
		<itemlayout height="80" width="widelist_width" condition="Container.Content(addons)">
			<control type="image">
				<left>20</left>
				<top>25</top>
				<width>32</width>
				<height>32</height>
				<texture>$VAR[AddonsListIconVar]</texture>
			</control>
			<control type="label">
				<left>75</left>
				<height>80</height>
				<right>100</right>
				<aligny>center</aligny>
				<scroll>true</scroll>
				<label>$INFO[ListItem.Label]</label>
			</control>
			<control type="label">
				<left>40</left>
				<height>80</height>
				<right>40</right>
				<align>right</align>
				<aligny>center</aligny>
				<font>font27</font>
				<label>$VAR[AddonsLabel2Var]</label>
				<textcolor>grey</textcolor>
				<shadowcolor>text_shadow</shadowcolor>
			</control>
		</itemlayout>
	</include>
	<include name="ListThumbInfoPanel">
		<param name="flip_bg">false</param>
		<definition>
			<control type="group">
				<depth>DepthContentPanel</depth>
				<include content="ContentPanel">
					<param name="width" value="654" />
					<param name="flipx" value="$PARAM[flip_bg]" />
				</include>
				<control type="image">
					<left>2</left>
					<top>408</top>
					<width>476</width>
					<height>267</height>
					<fadetime>300</fadetime>
					<texture background="true">$VAR[IconWallThumbVar]</texture>
				</control>
				<control type="group">
					<left>273</left>
					<top>590</top>
					<include>UserRatingCircle</include>
				</control>
				<control type="textbox" id="15500">
					<left>30</left>
					<top>640</top>
					<width>525</width>
					<bottom>117</bottom>
					<autoscroll time="3000" delay="7000" repeat="5000">!System.HasModalDialog + Skin.HasSetting(AutoScroll)</autoscroll>
					<label>$VAR[ListBoxInfoVar]</label>
					<visible>!Container.Content() | !String.isempty(ListItem.Plot)</visible>
				</control>!
				<control type="group">
					<left>20</left>
					<top>640</top>
					<visible>ListItem.IsCollection</visible>
					<include content="InfoList">
						<param name="bottom" value="100" />
						<param name="width" value="540" />
						<param name="sortby" value="year" />
						<param name="sortorder" value="descending" />
						<param name="font" value="font13" />
					</include>
				</control>
				<control type="group">
					<visible>String.IsEmpty(Control.GetLabel(15500)) + !ListItem.IsCollection</visible>
					<control type="textbox">
						<left>30</left>
						<top>460</top>
						<width>530</width>
						<height>413</height>
						<align>center</align>
						<aligny>center</aligny>
						<font>font27</font>
						<textcolor>80FFFFFF</textcolor>
						<label>$LOCALIZE[19055]</label>
						<visible>!ListItem.IsParentFolder</visible>
						<visible>!Integer.IsGreater(Container(42000).NumItems,0) + !Integer.IsGreater(Container(43000).NumItems,0)</visible>
						<visible>!Container.Content() | !String.isempty(ListItem.Plot)</visible>
					</control>
					<control type="group">
						<left>20</left>
						<top>640</top>
						<visible>!String.IsEmpty(ListItem.DBID)</visible>
						<include content="InfoList">
							<param name="list_id" value="42000" />
							<param name="bottom" value="100" />
							<param name="width" value="540" />
							<param name="sortby" value="year" />
							<param name="sortorder" value="descending" />
							<param name="item_label" value="$INFO[ListItem.Year,[COLOR button_focus],[/COLOR]  -  ]$INFO[ListItem.Label]" />
							<param name="visible" value="String.IsEqual(ListItem.DBType,artist)" />
						</include>
						<include content="InfoList">
							<param name="list_id" value="43000" />
							<param name="bottom" value="100" />
							<param name="width" value="540" />
							<param name="sortby" value="track" />
							<param name="sortorder" value="ascending" />
							<param name="item_label" value="$INFO[ListItem.Duration,[COLOR button_focus],[/COLOR]  -  ]$INFO[ListItem.Label]" />
							<param name="visible" value="String.IsEqual(ListItem.DBType,album)" />
						</include>
					</control>
				</control>
			</control>
		</definition>
	</include>
</includes>
